,code,source,report,braw,bstd
0,GB,Mass,HRG,OGX,OGX
1,GB,Mass,MSM,OGX,OGX
2,GB,Mass,RSM,Ogx,OGX
3,GB,Mass,CND,Ogx,OGX
4,ES,Mass,RSM,OGX,OGX
5,SA,Mass,ABM,ORGANIX,OGX
6,AE,Mass,SHW,ORGANIX,OGX
7,US,Mass,ABM,OGX,OGX
8,US,Mass,SHW,OGX,OGX
9,RU,Mass,RSM,OGX (JOHNSON & JOHNSON),OGX
10,FR,Mass,RSM,OGX,OGX
11,FR,Mass,CND,OGX,OGX
12,CA,Mass,ABM,OGX,OGX
13,CA,Mass,SHW,OGX,OGX
14,KZ,Mass,RSM,OGX / JOHNSON & JOHNSON,OGX
15,US,Mass,RSM,OGX,OGX
16,US,Mass,CND,OGX,OGX
17,US,Mass,HSP,OGX,OGX
18,US,Mass,HST,OGX,OGX
19,US,Mass,HTR,OGX,OGX
20,KW,Mass,RSM,OGX,OGX
21,AU,Mass,ABM,Ogx,OGX
22,AU,Mass,CND,Ogx,OGX
23,AU,Mass,RSM,Ogx,OGX
24,AU,Mass,HTR,Ogx,OGX
25,NZ,Mass,CND,Ogx,OGX
26,NZ,Mass,RSM,Ogx,OGX
27,NZ,Mass,HTR,Ogx,OGX
28,KW,Mass,CND,OGX,OGX
29,KW,Mass,HTR,OGX,OGX
30,DE,Mass,RSM,OGX,OGX
31,DE,Mass,CND,OGX,OGX
